0,70,496,510,957,8777,82,279,False
1,761,938,59,278,8829,17,389,True
2,572,899,220,23,8298,59,5,True
3,209,880,804,233,3705,73,245,True
4,889,583,451,235,4441,35,385,True
5,750,613,868,302,9652,18,164,True
6,154,841,660,978,9849,95,153,True
7,596,889,198,771,1444,74,198,True
8,232,949,60,298,233,61,111,False
9,141,998,461,300,8139,18,383,True
10,918,686,874,584,5930,38,3,True
11,909,642,76,319,45,50,297,True
12,22,909,381,887,2727,73,163,True
13,449,141,286,579,294,63,244,False
14,380,347,568,741,8570,79,22,False
15,36,298,966,405,2284,29,253,False
16,873,181,220,296,9423,43,222,True
17,771,952,737,925,7837,39,184,False
18,693,595,45,15,3094,61,98,True
19,81,533,691,203,5441,54,158,False
20,317,565,887,458,4884,13,18,True
21,113,382,380,763,2307,76,295,True
22,998,895,508,78,4279,41,31,True
23,132,282,554,113,3015,80,274,True
24,811,53,759,520,6599,8,329,True
25,895,295,161,413,3998,40,362,True
26,151,817,224,792,6707,21,42,True
27,13,811,405,102,8190,95,320,True
28,840,532,96,707,1358,77,253,True
29,687,670,593,186,6662,99,393,True
30,845,78,847,290,1212,58,177,True
31,907,54,276,591,3965,9,258,False
32,805,962,878,721,8753,22,73,False
33,958,986,190,20,2709,6,317,True
34,937,708,870,519,2580,49,217,True
35,440,65,172,258,6773,41,271,False
36,728,105,825,996,5439,91,301,True
37,418,103,552,815,3872,75,293,False
38,903,301,738,777,6407,35,278,False
39,41,317,709,400,2692,63,116,True
40,90,332,1,641,7479,53,273,False
41,856,586,191,447,2845,4,119,True
42,891,618,525,393,2233,56,167,False
43,529,761,278,736,3338,85,63,False
44,244,514,985,757,9999,91,322,True
45,980,197,746,536,6742,65,233,True
46,704,706,4,380,5581,71,185,True
47,563,989,475,3,7976,62,95,True
48,51,111,350,419,7315,36,82,False
49,682,885,394,80,9081,6,13,False
50,311,325,308,862,1359,91,223,True
51,832,791,159,130,3573,99,59,True
52,831,153,146,875,652,40,255,True
53,23,572,545,507,6676,37,316,True
54,250,942,743,245,1009,86,340,True
55,379,593,223,366,6483,33,296,True
56,701,748,463,109,7397,57,240,True
57,499,228,303,835,2308,92,167,True
58,374,584,792,748,1377,99,271,True
59,892,989,335,491,4987,73,35,False
60,800,670,665,801,9335,49,330,True
61,25,625,175,210,6723,60,238,True
62,224,507,141,723,6168,54,76,False
63,474,132,133,109,6409,8,233,False
64,182,730,469,248,9099,75,298,False
65,376,808,184,665,7128,63,319,False
66,100,451,234,179,373,86,378,True
67,193,566,879,52,8426,90,196,True
68,969,439,272,321,3099,58,346,False
69,979,406,314,808,9868,13,134,True
70,731,82,788,78,6608,3,235,False
71,2,571,437,845,8903,16,222,True
72,23,942,507,119,1308,84,345,True
73,137,223,813,750,6508,54,315,False
74,203,146,787,993,4830,38,32,True
75,609,860,417,773,8519,18,230,True
76,747,989,707,663,1546,25,243,False
77,535,811,987,367,2994,70,291,True
78,222,361,888,848,190,22,345,False
79,19,589,863,527,6328,70,108,False
80,827,523,326,985,6287,15,238,True
81,844,877,668,15,9922,22,202,True
82,842,433,83,741,8886,24,223,True
83,535,49,276,608,3981,47,344,False
84,583,2,734,799,6600,67,167,False
85,696,30,810,841,6451,94,165,True
86,280,187,686,138,4011,12,243,False
87,286,725,985,656,6222,66,127,True
88,550,968,434,620,905,6,85,False
89,643,717,967,853,8285,23,96,True
90,559,907,611,486,5134,42,247,True
91,83,206,768,636,1382,25,233,True
92,928,921,575,233,8414,73,332,False
93,426,184,35,385,9407,34,200,False
94,45,467,281,684,2292,86,232,True
95,829,214,899,72,7087,6,193,False
96,859,744,850,894,4564,3,146,False
97,263,644,476,760,4574,68,108,False
98,721,930,151,85,5903,13,391,True
99,469,656,962,437,8067,88,256,True
100,380,953,273,930,9634,35,387,True
101,230,973,312,195,453,9,203,False
102,190,547,736,596,431,15,242,True
103,307,381,303,476,6102,20,293,False
104,212,39,410,606,5603,17,81,False
105,821,55,955,257,7867,34,229,False
106,405,809,595,11,6212,81,361,False
107,63,163,771,516,928,39,268,True
108,870,230,483,290,4433,22,279,True
109,625,448,963,643,8385,2,307,True
110,849,230,167,768,5860,60,106,False
111,753,163,928,6,1925,83,64,True
112,652,333,324,991,9194,63,366,True
113,870,766,516,805,5774,92,34,False
114,535,239,212,404,3036,34,218,False
115,865,324,720,549,8110,85,242,False
116,164,947,1000,489,2212,79,352,False
117,810,766,489,351,9408,95,104,True
118,53,345,443,517,3702,59,43,True
119,365,342,204,145,356,98,324,True
120,111,73,69,972,8923,15,164,False
121,100,344,53,733,2295,10,40,False
122,640,537,335,81,4969,45,191,True
123,921,18,701,926,1380,49,215,False
124,937,762,207,565,8967,93,213,False
125,793,103,824,998,8102,90,271,False
126,555,228,37,255,2301,95,211,False
127,850,938,62,676,7442,23,338,True
128,609,568,418,196,9375,100,366,True
129,227,79,317,471,9650,45,383,True
130,55,335,273,151,6940,89,3,False
131,909,254,11,259,3381,35,294,True
132,341,902,485,762,5657,90,18,False
133,67,585,464,394,5683,57,137,False
134,404,518,923,618,4985,83,366,False
135,953,897,693,943,1807,15,124,True
136,519,551,693,275,160,71,348,False
137,999,326,655,299,1661,9,380,False
138,336,104,327,433,7345,73,357,False
139,38,555,784,821,7804,7,131,False
140,920,476,861,314,7364,23,163,True
141,202,50,685,939,8275,35,169,False
142,15,43,986,539,9133,71,238,False
143,59,488,387,78,7403,35,123,True
144,686,277,407,357,9344,67,329,False
145,982,884,64,679,8619,94,160,False
146,817,53,801,598,8661,15,128,True
147,691,462,99,546,3110,23,191,True
148,347,232,968,494,1850,89,126,False
149,727,384,210,270,4353,4,386,False
150,505,10,667,579,4065,36,313,False
151,311,423,643,461,8674,23,211,False
152,8,164,209,913,2689,75,79,True
153,265,793,238,190,1757,98,344,True
154,201,45,975,967,4521,89,382,True
155,822,621,717,344,6883,12,180,True
156,417,844,356,980,5363,67,140,True
157,162,13,429,707,1982,61,399,True
158,998,896,231,32,5896,20,284,False
159,743,1,116,81,2217,94,201,True
160,424,974,41,243,4484,46,342,False
161,484,601,281,886,2731,61,204,True
162,340,762,674,589,4248,25,144,False
163,989,195,462,695,2096,12,68,True
164,901,94,598,219,8216,69,328,False
165,46,1000,438,988,9058,73,313,True
166,698,3,451,150,8900,32,274,True
167,972,642,690,21,4300,10,282,False
168,40,456,365,676,8844,43,398,False
169,792,497,68,208,9638,30,176,True
170,754,759,35,407,3557,1,345,False
171,581,130,130,333,308,52,234,True
172,962,85,451,946,8756,64,81,False
173,446,373,602,785,8623,95,384,True
174,544,61,956,753,7555,26,132,True
175,915,531,291,618,1025,35,173,True
176,865,97,552,75,5142,79,100,False
177,797,845,462,173,5701,40,342,False
178,643,749,813,465,6618,46,226,True
179,164,363,971,571,9761,85,97,True
180,726,39,98,523,2348,9,66,False
181,910,673,834,301,894,33,78,True
182,580,777,807,968,5425,29,199,True
183,693,55,406,938,8694,18,398,False
184,506,845,32,817,8728,90,212,True
185,788,420,929,737,2276,25,105,True
186,132,538,712,865,4920,36,87,True
187,840,440,906,836,3293,56,352,True
188,801,867,919,740,2145,71,387,True
189,979,270,877,953,7835,65,104,False
190,55,841,48,854,8553,6,55,False
191,855,842,592,237,9170,97,320,False
192,937,892,230,158,1763,66,102,True
193,251,493,55,299,1860,68,346,True
194,855,893,823,443,180,22,20,True
195,15,941,370,64,3550,87,224,False
196,321,400,172,22,7569,91,42,False
197,663,303,827,420,2661,36,352,False
198,90,497,770,230,8677,99,367,True
199,745,710,143,495,7067,56,66,False
200,448,452,997,857,5636,74,95,True
201,902,617,331,946,9422,57,174,True
202,372,571,650,52,8038,22,93,False
203,108,35,617,741,8078,77,40,False
204,63,16,2,54,6734,65,260,False
205,715,240,76,567,1250,88,351,True
206,266,780,663,259,7565,55,271,True
207,150,763,654,790,4116,75,207,False
208,144,126,257,811,5747,33,221,False
209,480,281,154,973,9708,16,302,True
210,801,159,551,143,8791,22,335,False
211,76,770,426,113,1445,98,263,True
212,809,21,808,528,9280,75,157,False
213,675,923,10,264,6624,8,224,True
214,547,588,457,900,256,94,138,False
215,168,29,65,290,2203,55,145,False
216,738,884,978,79,8965,33,114,False
217,151,817,40,281,9385,67,273,False
218,844,595,444,607,3800,33,88,True
219,209,478,925,469,422,76,52,False
220,67,538,258,287,971,19,325,True
221,468,950,343,351,3751,68,174,False
222,793,850,142,80,6920,91,188,False
223,63,254,792,410,3157,95,304,False
224,942,44,907,258,5926,91,60,False
225,469,491,243,20,8376,59,362,True
226,813,545,973,530,8974,16,21,True
227,56,852,625,384,3669,86,396,True
228,79,800,234,806,3554,2,385,False
229,271,154,235,409,5831,51,322,True
230,369,201,72,791,5537,70,249,False
231,632,838,62,813,8035,58,63,True
232,481,144,93,543,311,72,171,False
233,341,392,216,981,8779,4,149,True
234,884,385,619,622,3410,94,168,True
235,359,323,415,807,4688,54,78,False
236,311,404,477,192,5659,29,254,True
237,260,211,245,867,4974,49,185,True
238,406,950,944,501,6202,54,159,True
239,501,722,620,436,3319,65,7,False
240,983,128,214,500,388,94,81,False
241,756,587,86,698,41,1,322,True
242,157,344,132,228,3873,25,252,False
243,149,570,217,494,819,89,24,True
244,202,183,479,734,767,50,233,False
245,129,982,593,58,3005,23,320,True
246,861,452,352,131,8322,95,60,False
247,554,504,22,35,3758,48,158,True
248,452,734,523,439,2326,94,203,True
249,637,322,905,850,9275,46,49,True
250,655,717,986,729,2914,52,151,False
251,209,712,806,287,1171,71,223,True
252,236,576,35,169,950,47,344,True
253,777,552,738,342,3768,3,222,True
254,169,764,349,46,1578,89,161,False
255,319,135,395,8,429,53,313,False
256,872,636,468,579,1361,46,185,True
257,435,163,741,414,1901,36,144,True
258,103,10,297,726,6414,84,385,False
259,985,171,748,93,6358,23,258,False
260,335,950,329,297,1647,44,358,True
261,326,786,826,855,9543,26,27,True
262,488,286,45,71,842,17,150,True
263,446,380,604,106,4108,27,81,True
264,678,257,753,815,9105,23,152,True
265,759,380,335,217,8519,41,197,False
266,375,98,222,273,7581,23,182,False
267,60,359,295,370,4326,20,9,True
268,748,482,849,36,8467,28,118,False
269,389,187,738,125,7304,18,14,False
270,10,429,262,152,5411,88,109,False
271,48,662,267,741,2746,25,278,True
272,398,520,216,513,2779,83,275,True
273,107,963,160,817,2603,53,360,False
274,825,312,682,390,5165,93,49,True
275,758,379,132,983,9049,82,354,False
276,777,159,690,587,2491,47,27,True
277,538,107,571,30,2697,83,225,True
278,603,194,599,835,2060,63,291,True
279,554,570,316,311,8381,88,329,False
280,692,783,792,522,7589,56,382,False
281,594,965,635,151,8230,92,399,True
282,811,714,130,210,9656,5,400,True
283,445,560,726,84,8670,50,193,False
284,91,935,252,752,9950,47,216,True
285,827,480,653,825,9698,65,107,False
286,554,503,530,72,876,70,130,True
287,673,192,240,330,9243,78,102,False
288,30,902,747,691,5717,20,147,False
289,288,826,543,452,9833,11,170,True
290,817,105,766,694,1686,64,189,True
291,227,766,28,515,6755,51,304,True
292,869,516,532,704,768,5,254,False
293,953,865,923,742,5169,62,147,False
294,381,605,678,173,1925,16,265,True
295,488,405,172,122,9303,48,171,False
296,929,375,787,664,7487,87,62,True
297,520,401,925,554,6082,19,181,False
298,189,157,663,659,8514,22,272,True
299,61,578,635,863,1084,35,15,False
300,449,642,302,798,5617,69,227,True
301,984,935,789,212,5556,10,73,True
302,650,979,247,71,3236,7,318,False
303,863,751,935,423,4417,97,347,False
304,135,628,321,698,9896,63,59,True
305,985,818,900,892,923,88,53,False
306,512,341,484,265,9445,6,12,False
307,452,97,807,160,7307,15,303,True
308,851,381,269,886,6982,70,395,True
309,600,483,996,388,6955,79,312,True
310,830,255,305,917,2952,78,129,False
311,456,946,834,507,6054,50,22,False
312,531,769,152,505,1878,52,115,True
313,635,28,454,405,1359,25,98,True
314,919,639,722,864,153,6,78,False
315,644,793,307,382,7609,44,31,False
316,697,286,236,444,2831,84,39,False
317,817,13,762,236,3822,43,144,True
318,756,67,116,777,8621,1,379,False
319,981,673,107,732,9493,23,167,True
320,366,560,532,309,2772,90,259,True
321,547,476,86,339,9639,45,24,False
322,209,319,589,638,7237,65,296,False
323,322,413,795,841,4920,66,58,False
324,907,329,203,5,4369,20,360,True
325,365,885,493,438,9536,9,308,True
326,217,46,686,404,3228,49,354,True
327,115,219,42,62,4303,55,56,False
328,643,164,667,915,6306,69,180,False
329,613,578,817,370,9565,77,129,False
330,80,243,43,733,4950,92,214,False
331,732,770,941,838,2783,3,136,True
332,71,94,38,292,1479,33,174,True
333,447,576,523,135,3754,20,106,True
334,507,688,947,632,3279,89,357,True
335,299,533,291,64,470,7,187,False
336,941,283,540,77,5225,40,160,False
337,62,426,102,624,8189,76,106,True
338,69,664,432,586,3375,96,38,True
339,851,178,772,985,1958,66,45,False
340,373,309,938,265,8504,65,128,True
341,882,826,298,810,7947,20,119,True
342,620,908,579,163,769,63,361,False
343,313,441,503,299,324,77,106,False
344,134,763,871,940,4731,10,242,False
345,923,689,798,551,3793,83,124,False
346,161,266,981,818,6699,43,40,True
347,932,851,161,643,342,78,210,True
348,125,652,831,837,4024,22,103,False
349,669,902,310,65,451,23,243,True
350,84,390,856,26,1340,49,220,True
351,501,711,750,578,6944,15,236,True
352,264,934,81,933,3468,66,255,False
353,499,171,49,590,4879,34,318,True
354,836,237,674,573,653,52,355,False
355,239,966,769,507,8069,40,58,True
356,197,818,353,456,7338,94,273,False
357,690,601,494,50,6776,36,163,False
358,538,550,888,564,804,18,330,False
359,61,735,516,963,7136,21,243,False
360,7,138,194,104,7896,71,326,False
361,569,149,786,440,7686,64,105,True
362,342,828,747,189,4226,20,224,True
363,675,540,333,374,8447,93,186,False
364,394,230,885,659,5868,79,22,False
365,286,144,486,275,8281,66,286,False
366,28,880,532,233,9948,17,106,False
367,965,532,278,111,7020,35,236,True
368,38,952,153,603,6263,76,68,True
369,773,653,105,386,6416,74,337,True
370,510,811,97,821,2758,65,311,True
371,647,675,763,847,2575,70,132,True
372,404,102,615,15,4169,35,53,True
373,503,98,659,608,8026,12,155,True
374,134,794,590,200,5674,62,56,True
375,98,500,541,195,6910,58,64,True
376,827,351,288,432,6366,82,324,True
377,333,570,893,38,507,22,102,False
378,595,159,468,683,6729,83,146,False
379,286,938,66,409,6214,100,347,True
380,808,141,231,203,5276,7,256,False
381,295,932,861,77,6228,2,87,True
382,175,669,16,383,9721,86,380,True
383,500,950,22,794,7780,100,193,True
384,452,520,964,412,134,62,86,False
385,219,585,806,551,9474,50,104,True
386,276,685,382,32,498,100,374,False
387,993,340,648,180,4856,97,65,True
388,2,535,678,760,1825,95,161,True
389,782,851,875,497,883,95,312,True
390,953,423,889,595,6243,72,271,False
391,403,925,71,126,7612,73,233,False
392,569,354,888,609,4466,12,54,True
393,898,695,925,602,2267,80,196,True
394,314,809,578,327,9449,29,41,True
395,615,28,620,514,4299,9,200,False
396,108,712,164,411,1464,1,95,True
397,260,737,685,700,3696,49,26,False
398,234,763,722,456,5972,60,396,False
399,902,35,231,846,259,13,47,False
400,251,328,493,703,9061,2,69,True
401,532,555,597,383,3211,4,147,False
402,202,990,346,607,8439,16,156,False
403,648,554,440,192,1343,35,158,False
404,695,503,786,941,6625,52,29,False
405,388,125,503,827,4325,31,352,True
406,634,971,509,75,1750,48,302,True
407,870,925,644,972,8239,69,103,True
408,89,604,563,108,8707,93,294,False
409,400,776,12,898,2178,92,190,False
410,102,341,675,95,7207,37,77,False
411,828,937,435,912,3429,54,57,False
412,151,90,867,156,5560,23,113,True
413,204,500,692,3,6639,45,319,False
414,331,892,26,455,3885,74,106,False
415,729,675,938,280,3962,93,383,False
416,493,889,14,981,901,76,310,False
417,396,197,918,878,7797,5,294,False
418,540,283,199,53,5605,56,376,False
419,894,694,568,378,6734,41,83,True
420,695,783,104,802,45,40,210,False
421,352,452,44,3,3626,7,269,False
422,601,279,275,861,8430,86,350,False
423,589,311,336,836,6858,86,136,False
424,493,96,197,231,3395,15,241,True
425,177,555,234,588,3962,43,79,False
426,784,924,243,83,849,5,263,False
427,21,687,739,601,7024,20,36,False
428,903,419,234,653,5042,66,352,True
429,244,293,831,12,3401,98,25,True
430,618,377,97,493,6373,54,278,True
431,898,513,164,648,3556,5,82,False
432,680,824,728,896,8139,18,283,True
433,477,272,392,965,8121,45,209,True
434,990,589,253,69,957,64,296,False
435,815,893,970,764,4444,95,314,False
436,944,106,594,758,6173,45,101,True
437,454,318,507,995,8168,7,366,False
438,326,931,452,268,7256,81,284,False
439,236,46,422,423,7406,31,74,False
440,537,408,629,730,7564,29,13,False
441,315,732,211,460,8439,51,255,False
442,646,945,628,516,8639,50,261,True
443,707,86,64,17,1953,37,292,True
444,556,791,370,447,5227,47,318,True
445,606,566,520,726,4239,100,205,True
446,49,445,633,455,7790,42,64,True
447,889,570,85,74,9683,44,123,False
448,453,31,421,805,6247,12,272,False
449,264,421,169,534,9656,52,286,True
450,296,147,173,509,1120,61,107,False
451,640,41,563,900,5302,53,124,True
452,676,303,380,565,6396,33,396,True
453,433,758,821,108,625,65,389,False
454,8,630,967,462,4921,6,2,False
455,139,906,206,795,2105,97,7,True
456,298,792,714,20,4155,93,175,False
457,844,372,114,828,7331,40,146,False
458,71,468,347,603,9748,12,374,False
459,697,642,564,34,1949,51,245,False
460,479,779,856,21,9764,80,87,True
461,379,333,173,102,733,12,338,True
462,556,261,866,66,7805,39,71,True
463,892,535,139,709,8067,41,28,False
464,132,946,410,981,5208,22,229,True
465,978,589,248,995,5273,14,294,False
466,518,150,940,369,5059,95,66,False
467,784,856,894,784,3197,29,381,False
468,169,577,827,276,1249,100,320,False
469,225,928,395,531,3401,56,184,True
470,776,975,212,427,1277,89,318,False
471,856,100,612,851,4532,7,196,True
472,208,463,659,613,3798,37,127,False
473,875,290,428,501,6996,64,169,True
474,43,445,304,277,3748,15,89,False
475,651,55,458,609,5964,59,88,True
476,317,438,997,543,5898,31,395,False
477,283,124,327,380,6775,72,325,True
478,558,767,121,603,3512,73,172,False
479,545,615,525,204,6860,96,225,True
480,416,676,322,951,2956,74,357,False
481,384,376,970,443,6237,27,286,False
482,329,51,371,134,2088,4,94,False
483,609,708,835,976,6166,13,309,False
484,644,396,276,268,3793,26,99,True
485,197,256,911,347,6354,69,101,True
486,480,978,49,995,1010,59,5,True
487,380,80,367,670,1346,77,181,True
488,854,872,503,896,7657,63,265,False
489,614,655,244,296,6372,40,148,True
490,387,616,308,303,1926,55,359,False
491,823,654,389,98,3206,31,271,True
492,311,557,653,737,9612,61,374,False
493,3,571,55,742,8131,50,102,True
494,93,770,198,709,9388,49,217,False
495,298,417,212,12,5134,2,381,True
496,112,884,234,590,8862,75,206,False
497,254,705,900,861,1482,97,170,True
498,542,795,732,831,6437,14,154,False
499,300,941,824,853,6211,60,149,True
500,857,288,138,632,2585,65,261,True
501,722,279,846,881,5149,11,131,False
502,739,108,483,130,8522,11,95,True
503,674,886,491,721,4029,50,193,True
504,592,886,776,929,9905,45,208,True
505,550,35,256,334,969,2,392,True
506,511,674,135,517,7062,60,83,False
507,695,819,566,535,322,56,148,False
508,467,591,907,433,2731,25,181,True
509,426,668,357,283,7322,16,278,True
510,343,37,702,898,7571,52,188,True
511,102,410,262,697,3062,75,391,False
512,212,378,943,851,2337,24,108,True
513,646,673,902,130,8596,5,82,True
514,736,180,514,739,1362,77,235,False
515,481,760,208,269,6551,2,383,True
516,767,178,841,124,3056,78,228,False
517,683,315,307,452,7422,32,184,True
518,962,913,838,784,1973,14,47,False
519,550,553,649,387,6483,41,330,True
520,264,656,923,679,2059,71,153,True
521,375,135,366,624,7754,26,15,False
522,145,689,454,219,4795,84,134,False
523,809,570,260,498,5418,38,26,False
524,902,453,813,908,9941,13,354,True
525,519,442,443,771,6813,44,232,False
526,119,210,431,96,4112,81,198,False
527,587,826,330,585,7105,100,174,True
528,291,940,384,559,5627,91,226,True
529,720,655,957,696,1645,80,225,True
530,402,953,396,689,2574,81,304,False
531,977,975,423,16,8884,100,277,False
532,475,905,38,387,9331,88,280,False
533,999,1000,423,260,3993,22,2,False
534,195,394,778,189,8771,35,308,False
535,807,3,614,23,5337,93,386,True
536,475,420,824,451,7159,99,252,False
537,548,122,177,362,2138,50,34,False
538,658,550,875,885,5049,77,166,False
539,904,512,941,703,3497,38,367,True
540,338,929,732,304,8375,34,158,False
541,168,137,124,174,174,18,66,False
542,457,557,720,415,8325,1,132,True
543,462,786,421,228,1378,59,153,True
544,899,973,36,825,7040,12,107,True
545,404,175,996,680,5589,54,257,True
546,122,66,491,903,7163,49,301,False
547,587,505,150,475,8061,87,211,False
548,871,964,55,844,1487,37,68,False
549,755,925,487,742,672,86,255,False
550,542,589,988,503,7471,4,374,False
551,35,841,466,208,4509,11,168,False
552,471,208,845,615,2492,51,329,False
553,234,507,269,619,8029,51,357,True
554,70,528,81,71,7614,27,118,True
555,290,641,710,932,2259,87,360,True
556,800,71,482,188,4858,75,350,True
557,747,646,127,37,5652,36,195,True
558,528,86,341,985,1030,6,178,True
559,727,608,959,291,7317,11,296,True
560,711,438,201,971,8699,15,90,True
561,628,50,7,82,3491,44,23,True
562,883,699,620,781,2806,12,234,True
563,517,42,202,202,9533,1,351,False
564,985,907,504,210,8511,100,77,True
565,882,877,837,486,8656,2,277,True
566,67,914,737,584,2312,3,77,False
567,904,877,720,1,6541,1,63,False
568,819,994,351,134,626,56,53,False
569,854,906,882,428,6156,40,233,False
570,760,225,123,895,4240,34,377,False
571,115,494,576,367,8514,9,393,True
572,77,272,633,634,1242,47,184,False
573,298,84,248,916,8030,38,325,True
574,709,134,922,794,2783,4,282,True
575,252,508,683,1000,8004,3,382,True
576,729,584,702,626,6450,33,258,True
577,503,291,288,57,8324,62,86,True
578,424,165,992,882,4305,9,68,False
579,691,256,158,820,8094,3,290,True
580,473,141,18,345,3488,60,281,False
581,943,212,237,394,6709,99,146,False
582,750,264,958,329,4237,50,236,False
583,868,71,62,613,8312,70,388,False
584,920,946,387,658,2641,16,35,True
585,9,498,688,131,4825,92,24,True
586,97,154,961,883,9771,14,309,True
587,937,456,267,936,1459,33,306,False
588,898,510,159,812,7424,34,281,True
589,260,447,886,868,7123,42,59,True
590,222,944,537,685,4015,13,83,False
591,360,899,801,667,9613,5,33,True
592,690,542,191,557,8453,47,359,False
593,205,307,196,299,943,44,294,True
594,26,599,69,616,3854,72,382,False
595,705,397,743,554,8075,35,125,True
596,165,982,226,541,558,52,290,False
597,87,110,406,522,874,10,246,False
598,960,48,15,591,2414,30,53,False
599,938,855,709,508,208,10,232,True
600,651,207,627,199,7928,57,270,False
601,904,863,764,38,8935,33,10,False
602,320,729,428,548,4498,82,39,True
603,162,627,271,883,9111,22,53,True
604,305,972,414,305,6792,2,292,False
605,135,697,666,627,4446,76,338,False
606,352,427,162,590,5168,64,330,False
607,319,311,950,397,4146,84,109,False
608,230,531,469,45,5096,22,273,True
609,781,558,197,480,7698,64,159,False
610,958,174,842,911,8024,19,216,False
611,159,96,235,502,6783,7,9,True
612,777,489,722,274,9160,51,394,False
613,822,449,370,50,7708,70,360,False
614,177,126,912,751,5088,93,371,True
615,479,286,560,305,5523,21,93,True
616,707,262,9,960,8549,5,69,False
617,867,264,904,481,4928,40,282,False
618,469,935,104,739,7090,74,205,True
619,864,430,999,692,7118,18,330,True
620,758,317,914,145,3706,23,13,True
621,243,569,336,16,8593,81,119,True
622,933,538,898,446,9009,58,110,True
623,808,464,584,822,9211,61,388,False
624,479,67,395,808,8513,55,22,False
625,730,201,741,608,4797,55,264,True
626,687,629,432,146,5493,91,250,False
627,412,802,634,313,3902,1,133,False
628,723,937,205,558,7532,62,290,False
629,503,664,867,379,4576,13,178,True
630,278,31,921,209,1078,55,19,True
631,209,512,290,372,1579,98,349,False
632,97,475,445,555,2128,74,380,True
633,250,188,835,439,5760,84,147,True
634,531,71,605,500,4719,48,109,False
635,820,816,104,85,201,48,14,True
636,314,448,372,972,3620,8,321,False
637,814,706,623,349,1149,82,393,False
638,294,98,262,391,5091,39,208,False
639,591,166,733,581,9312,65,4,False
640,704,117,968,575,1186,75,362,False
641,810,856,906,506,7663,16,31,True
642,587,163,785,494,9196,2,46,False
643,799,33,714,824,8617,46,88,True
644,912,489,621,499,7037,25,359,True
645,674,45,539,684,5346,25,254,False
646,176,23,97,74,6777,69,216,False
647,458,308,45,388,9540,32,374,False
648,205,189,274,698,2686,71,124,False
649,193,784,578,782,5177,54,384,True
650,370,767,334,686,1588,65,207,True
651,386,651,364,402,5443,7,22,True
652,866,25,175,790,8331,5,314,True
653,902,631,204,193,4402,64,114,True
654,71,659,554,557,2752,90,100,True
655,230,827,166,42,8747,67,115,False
656,940,822,452,14,6601,47,293,False
657,191,559,854,932,8643,73,124,False
658,466,100,649,893,3484,35,287,False
659,953,575,126,357,6516,69,73,False
660,329,241,407,100,727,13,314,False
661,582,387,155,528,1582,69,27,False
662,879,353,212,146,5013,31,59,False
663,503,89,682,711,1007,91,63,True
664,23,932,798,178,6743,36,310,True
665,440,174,890,618,7230,97,303,True
666,207,136,8,143,2911,16,69,False
667,106,174,949,650,2191,8,96,False
668,450,402,26,183,1083,20,283,True
669,207,475,818,256,6126,36,245,True
670,644,997,893,593,267,82,345,True
671,431,389,152,416,2279,1,287,True
672,527,513,419,739,4259,39,119,True
673,25,425,650,327,3071,68,255,False
674,274,553,839,985,6518,32,24,True
675,112,498,865,516,6193,70,137,True
676,797,465,501,145,35,3,382,False
677,917,412,501,784,8997,36,398,True
678,614,469,424,393,9310,96,8,True
679,924,416,741,494,2672,55,69,False
680,51,793,77,342,1771,25,293,False
681,413,161,152,901,8562,16,100,True
682,544,930,525,889,2460,62,239,False
683,487,856,424,849,7742,33,356,True
684,281,512,707,28,900,23,158,True
685,263,366,465,908,9780,95,57,False
686,758,933,705,867,4400,77,288,False
687,889,132,305,615,1210,43,352,True
688,674,814,592,712,9520,60,330,True
689,527,968,351,635,954,54,337,False
690,78,336,665,23,5650,88,153,False
691,935,853,73,972,7736,96,204,False
692,649,334,353,22,2408,74,203,False
693,574,36,431,791,7453,73,305,True
694,67,76,768,265,7338,37,224,True
695,247,717,552,526,1588,94,222,True
696,196,131,765,281,9813,4,319,False
697,529,496,543,497,5099,54,202,False
698,953,51,427,105,8457,54,323,False
699,42,770,187,250,7199,67,251,False
700,933,887,159,92,2835,44,179,True
701,515,745,904,454,7864,92,245,True
702,33,263,153,899,2664,41,73,False
703,751,474,68,579,1126,6,152,False
704,556,627,378,345,6092,54,196,False
705,767,91,610,439,8117,31,255,True
706,877,576,675,612,7613,25,278,False
707,854,9,629,510,2665,74,368,False
708,689,898,946,209,1502,50,157,False
709,754,527,185,590,3414,20,186,True
710,113,191,984,330,1704,55,107,False
711,104,619,17,777,5347,59,236,True
712,270,397,740,524,2917,52,160,False
713,84,599,936,168,6832,41,169,False
714,878,538,335,453,4317,88,67,False
715,974,163,494,845,9475,31,123,False
716,553,589,726,654,7817,9,199,True
717,56,367,835,751,4075,9,100,False
718,345,23,42,990,3192,100,139,True
719,376,582,338,867,9299,93,115,True
720,996,940,130,868,6175,14,39,False
721,266,912,553,806,5080,11,70,True
722,150,233,653,273,6137,76,287,False
723,853,187,272,195,918,19,333,False
724,285,413,760,922,96,8,63,True
725,553,94,825,889,2937,8,34,False
726,944,835,609,674,6128,86,130,False
727,537,696,166,866,9964,97,389,False
728,22,635,192,494,668,89,306,False
729,934,687,710,453,6981,9,228,True
730,682,721,559,287,8922,24,358,False
731,745,290,895,642,8984,7,129,False
732,497,584,260,101,4428,98,101,False
733,668,946,745,32,5186,83,6,False
734,59,509,663,253,8537,49,180,False
735,779,289,325,202,1320,84,331,False
736,463,411,10,638,71,17,226,False
737,12,964,231,339,4398,68,117,False
738,659,744,485,245,5101,15,337,False
739,442,732,762,315,1,89,127,False
740,183,723,622,858,6190,67,23,True
741,701,774,22,394,9151,9,245,False
742,6,68,610,664,3595,34,320,False
743,997,808,653,736,8149,2,369,True
744,199,25,643,712,2854,96,316,False
745,914,69,442,202,5680,42,308,False
746,906,544,486,831,779,37,78,False
747,99,587,381,324,8470,63,362,True
748,662,974,626,136,9842,31,121,False
749,85,780,661,358,4986,12,116,False
750,999,615,722,394,2782,47,190,True
751,717,731,559,876,4377,87,239,False
752,57,142,403,709,827,43,105,False
753,121,6,534,747,3086,79,361,False
754,370,118,734,916,5607,65,325,False
755,197,791,603,672,5567,14,341,True
756,563,42,411,963,5191,5,202,True
757,845,249,543,589,9412,74,77,False
758,520,985,968,641,7016,19,366,False
759,386,759,878,505,7927,21,105,False
760,340,805,623,650,8620,88,313,True
761,685,220,733,908,2594,65,94,False
762,51,899,689,94,7624,41,230,False
763,904,930,225,850,454,14,172,False
764,136,121,185,107,6495,53,119,False
765,372,131,216,464,1987,53,336,True
766,431,251,819,771,9458,91,60,False
767,612,710,232,504,6470,87,121,True
768,552,330,909,227,2341,5,202,False
769,41,688,332,747,4356,45,327,False
770,234,501,351,858,9979,14,210,False
771,383,753,669,148,2896,20,84,True
772,963,998,795,32,8633,92,289,False
773,716,37,529,613,5791,57,156,False
774,634,784,927,347,1613,58,226,True
775,665,835,364,238,1161,29,198,True
776,130,215,233,97,4890,17,331,False
777,727,689,859,550,5889,61,8,True
778,681,462,339,796,9182,94,85,True
779,651,628,228,314,9552,85,356,False
780,167,371,953,918,6559,20,88,True
781,826,776,729,563,2556,57,3,True
782,915,3,782,133,2784,65,294,False
783,142,801,244,749,5841,94,203,True
784,136,894,135,624,4665,58,263,True
785,374,757,530,720,7702,22,358,True
786,952,304,143,983,2972,67,209,False
787,861,609,374,370,4532,35,189,False
788,279,534,318,671,5033,12,93,False
789,192,651,573,53,4406,81,332,True
790,874,146,556,463,3308,20,111,True
791,227,740,224,731,4627,69,239,False
792,387,309,536,367,6384,54,307,True
793,424,437,688,435,135,43,222,False
794,445,51,369,128,8160,93,27,True
795,332,662,68,382,396,42,104,True
796,558,766,898,543,1783,54,63,False
797,961,284,236,536,4308,70,124,False
798,531,365,27,974,3048,44,203,True
799,481,700,78,729,994,78,343,False
800,202,206,702,153,575,71,65,False
801,239,759,988,939,9723,47,228,True
802,590,673,780,723,8399,14,33,False
803,249,511,869,728,8468,95,324,False
804,720,552,894,108,3397,100,27,True
805,833,986,629,964,2068,94,59,True
806,235,170,377,434,9175,87,21,True
807,160,729,623,248,8674,19,322,True
808,963,329,540,394,2686,71,391,True
809,721,15,542,631,8024,15,34,False
810,764,752,964,401,5017,40,54,True
811,422,610,35,308,1691,27,356,False
812,802,750,979,478,4912,12,316,True
813,479,704,590,336,3076,29,180,True
814,634,633,202,699,3015,35,236,True
815,768,864,641,624,73,73,102,True
816,103,838,596,883,9855,96,65,True
817,113,736,968,242,6039,79,341,True
818,593,425,141,215,1227,79,12,False
819,371,694,153,292,2400,60,265,True
820,99,167,181,541,3826,88,117,False
821,440,816,146,218,8093,7,36,False
822,210,817,537,947,5936,47,369,True
823,349,709,507,663,1000,3,359,True
824,349,950,24,644,4931,59,25,False
825,357,713,944,370,7753,31,318,True
826,569,901,495,416,8908,78,361,False
827,960,314,559,382,7000,41,18,False
828,962,819,371,107,9256,55,293,True
829,272,512,859,92,8554,5,105,True
830,73,204,511,9,5018,35,28,True
831,215,93,437,573,3855,71,134,False
832,276,181,629,713,4001,76,121,False
833,368,659,903,464,2368,49,119,True
834,3,930,779,413,5508,39,323,False
835,435,523,778,611,7705,79,136,True
836,777,321,872,670,9452,35,282,False
837,981,684,706,381,7942,43,355,True
838,583,696,503,515,5658,72,339,True
839,195,677,56,510,1047,91,245,False
840,574,910,312,644,3042,8,232,False
841,970,123,836,616,33,27,230,True
842,527,555,291,493,8050,28,209,False
843,586,83,575,134,3745,69,157,True
844,773,661,87,103,7891,10,65,False
845,688,629,501,627,6612,20,5,False
846,582,907,373,167,8480,14,147,False
847,681,674,620,560,6119,84,380,True
848,455,586,638,731,2922,14,263,False
849,36,291,529,380,424,83,258,False
850,332,690,348,771,7461,95,271,True
851,787,102,582,483,4495,65,328,False
852,195,534,669,429,8307,67,325,True
853,385,593,238,151,1732,97,284,True
854,32,336,287,51,4560,18,243,True
855,33,667,725,103,4991,27,203,False
856,824,956,971,187,8307,72,391,False
857,415,496,842,669,3756,40,381,False
858,201,439,180,362,4541,61,98,False
859,406,659,21,944,3122,8,325,False
860,623,379,268,215,5015,25,340,False
861,210,788,84,785,7996,35,325,True
862,913,976,944,523,8321,37,213,False
863,355,982,644,628,4128,35,121,True
864,902,49,60,201,1812,55,169,False
865,85,446,742,68,7827,87,282,False
866,15,399,252,639,7092,67,35,True
867,927,305,682,188,1581,70,381,True
868,839,324,88,355,320,69,347,False
869,538,247,454,237,802,75,310,False
870,992,375,292,277,6572,60,11,False
871,122,66,884,990,3737,100,169,False
872,363,406,257,7,6188,9,176,False
873,543,139,737,256,3148,96,320,False
874,357,737,186,527,5578,93,170,True
875,319,591,737,706,8303,84,294,False
876,157,1,988,612,7452,17,198,False
877,842,12,441,780,6100,7,176,False
878,853,103,912,512,9956,67,70,False
879,607,325,23,863,4255,14,250,False
880,111,98,146,695,3126,41,206,True
881,64,808,276,937,949,97,125,True
882,545,929,968,206,1301,40,255,True
883,684,344,120,794,1108,39,292,False
884,641,775,720,249,7333,27,280,False
885,368,520,381,786,3536,63,384,True
886,394,630,554,799,4148,81,227,True
887,961,612,680,106,2596,65,133,True
888,699,398,993,98,9896,19,266,False
889,851,10,610,904,3252,80,387,False
890,830,822,410,934,3403,57,248,False
891,567,452,881,864,7590,14,2,True
892,63,36,47,427,3972,45,349,False
893,751,16,41,455,8651,12,64,False
894,963,426,400,198,4058,9,248,False
895,239,242,458,932,9843,75,365,True
896,775,98,571,956,1130,81,148,False
897,183,257,729,488,1362,39,137,False
898,427,46,854,53,4215,65,4,True
899,101,581,787,121,4182,71,226,True
900,273,921,562,148,4033,97,267,False
901,529,984,983,105,1179,38,12,True
902,957,192,547,38,8984,22,270,False
903,879,584,88,235,8390,6,9,True
904,236,311,158,503,3741,83,385,True
905,473,32,381,361,9569,83,25,True
906,933,441,96,413,6286,57,271,False
907,783,571,746,58,9226,20,395,False
908,796,737,773,923,403,10,282,True
909,247,531,554,330,4465,58,79,True
910,456,519,36,453,4931,90,34,False
911,290,526,55,273,636,22,179,False
912,745,260,854,541,1589,41,31,False
913,233,861,935,660,2861,11,280,False
914,337,854,864,26,1503,30,235,True
915,879,599,732,439,4682,42,377,False
916,125,772,127,451,3544,21,391,False
917,679,464,114,925,5429,12,91,True
918,558,957,806,580,675,22,123,True
919,715,114,569,730,3445,22,179,True
920,481,495,310,775,9667,34,109,True
921,331,633,106,972,3932,70,83,True
922,128,853,570,93,1477,92,47,True
923,388,406,282,259,8104,55,105,False
924,735,761,281,890,9730,59,118,True
925,717,790,26,88,5032,11,291,True
926,43,387,802,443,4392,85,75,True
927,512,515,729,658,2268,57,346,False
928,337,686,486,65,6023,80,247,False
929,924,417,814,997,3821,8,327,False
930,517,571,776,356,8055,10,118,True
931,905,623,520,386,355,18,279,False
932,445,34,529,649,1513,46,86,True
933,459,939,543,596,2216,80,84,False
934,161,411,399,923,1358,38,185,True
935,786,218,868,580,9390,61,340,False
936,266,9,73,787,4468,7,351,True
937,398,919,873,927,1129,63,85,True
938,268,691,961,113,6570,4,353,False
939,153,168,565,103,9200,66,180,False
940,195,705,196,358,9402,61,293,False
941,999,94,826,350,7527,81,213,True
942,300,736,900,549,5906,49,132,False
943,740,973,945,577,3310,66,313,True
944,866,352,475,312,5062,100,136,False
945,142,651,847,812,6042,79,384,False
946,131,365,669,797,2488,56,104,True
947,97,349,935,374,7905,96,391,True
948,598,878,873,20,2779,55,91,False
949,875,208,628,963,193,26,261,True
950,508,7,378,809,6704,5,303,True
951,515,48,707,711,5321,59,393,True
952,738,102,313,563,4522,76,317,False
953,438,113,778,66,2028,99,36,False
954,80,96,514,356,3489,97,19,True
955,700,553,147,307,9397,98,97,True
956,932,455,688,761,9224,38,380,False
957,75,268,614,446,5438,43,120,False
958,103,267,174,292,7049,14,157,True
959,540,807,295,911,5436,82,95,False
960,568,673,88,989,6858,75,89,True
961,210,318,724,339,2695,83,68,True
962,531,997,58,737,3339,13,32,True
963,384,716,305,822,372,86,260,True
964,708,347,971,502,6040,5,109,True
965,43,518,544,39,5277,62,285,True
966,400,23,896,990,9080,75,374,True
967,890,872,224,770,7496,56,249,True
968,605,275,943,866,7092,3,191,False
969,242,768,701,613,14,80,77,False
970,448,571,633,811,9161,61,348,True
971,67,599,543,766,4833,11,54,False
972,917,575,648,751,5316,67,323,False
973,775,611,366,7,7794,83,229,True
974,611,341,688,73,8809,79,8,True
975,588,196,913,460,4293,44,353,False
976,163,456,997,369,7027,63,171,False
977,767,100,668,628,3912,79,247,False
978,422,786,424,512,3681,18,247,True
979,13,259,722,549,8179,21,294,True
980,266,961,462,885,1846,20,88,True
981,202,410,942,735,6619,5,278,True
982,314,673,425,899,3408,29,322,False
983,676,969,632,826,7926,89,43,True
984,383,40,474,240,633,3,88,False
985,705,950,866,765,791,96,330,False
986,999,869,540,784,8891,61,327,False
987,402,15,182,415,3668,73,88,True
988,719,65,381,547,6649,89,112,False
989,648,332,120,302,7356,50,221,False
990,216,460,736,745,8348,46,354,False
991,329,101,624,423,597,94,378,False
992,698,996,999,956,8586,53,163,True
993,254,170,928,464,8302,81,142,False
994,715,534,291,476,2215,49,329,True
995,358,120,200,124,5975,46,266,False
996,46,392,485,46,9985,100,278,False
997,284,415,742,492,5593,97,63,True
998,159,644,643,274,6178,72,164,False
999,775,907,408,437,7408,25,225,True
