0,Bettylou,151,772,660,40
1,Bobbye,773,227,53,72
2,Ezzard,130,100,285,81
3,Alzina,496,619,10,95
4,Fredericka,816,499,754,25
5,Johathan,630,596,494,92
6,Briley,940,24,705,76
7,Burnell,633,964,728,74
8,Shyanne,787,476,820,42
9,Modena,608,953,546,77
10,Jalynn,646,597,81,8
11,Stephany,173,221,729,29
12,Julianne,956,86,468,32
13,Tyrone,26,510,191,68
14,Lorri,235,954,421,35
15,Tresa,982,659,916,36
16,Lockie,494,834,254,79
17,Dellie,428,975,426,33
18,Suzanne,726,954,598,60
19,Willy,732,575,433,70
20,Deonta,916,205,606,56
21,Lemuel,119,830,242,66
22,Morgan,884,471,202,82
23,Aubree,946,724,10,52
24,Liberty,755,475,722,24
25,Boston,35,774,419,87
26,Dariana,56,247,725,11
27,Irving,217,658,277,68
28,Bryce,635,78,955,13
29,Carmela,439,606,616,99
30,Mireya,117,816,94,35
31,Arbie,831,378,909,98
32,Harrie,432,764,153,67
33,Dayne,397,913,285,53
34,Kanisha,288,767,647,31
35,Tabitha,975,211,887,90
36,Waldo,327,305,199,78
37,Yoselin,418,911,84,28
38,Manie,652,648,478,49
39,Karolyn,748,499,903,27
40,Cheryle,320,44,643,84
41,Drake,126,923,56,20
42,Lossie,980,618,990,60
43,Demetria,557,523,476,48
44,Monroe,117,859,262,23
45,Clydie,492,634,340,96
46,Olar,573,368,500,58
47,Lutie,575,425,751,65
48,Beadie,500,787,196,90
49,Jordy,471,733,290,97
50,Goebel,265,460,387,32
51,Adella,400,936,847,35
52,Mace,893,863,967,68
53,Leigh,53,606,745,42
54,Elmore,822,156,103,97
55,Nada,626,587,925,93
56,Shanelle,26,231,103,92
57,Johnny,863,157,156,53
58,Kirt,144,657,814,4
59,Alonzo,512,923,196,1
60,Amiya,829,735,527,75
61,Crockett,72,763,80,67
62,Devonta,366,327,722,12
63,Vassie,494,863,797,62
64,Guss,299,891,848,7
65,Lucina,626,35,348,83
66,Kingston,303,674,201,2
67,Acy,261,934,667,73
68,Talen,357,645,912,49
69,Agatha,570,302,344,21
70,Rocky,910,472,221,58
71,Dominik,177,325,124,73
72,Teddy,785,670,622,94
73,Madora,353,875,930,46
74,Yareli,437,773,552,83
75,Jenniffer,793,311,886,49
76,Drury,488,152,465,24
77,Dylan,203,517,717,79
78,Nadia,203,908,547,88
79,Alia,406,153,544,75
80,Frazier,574,992,527,76
81,Kaiden,663,417,5,1
82,Thekla,332,325,379,84
83,Denisha,946,405,251,83
84,Abdullah,203,517,959,3
85,Dario,736,453,654,19
86,Pat,676,686,659,64
87,Chin,222,500,830,55
88,Lidie,837,558,608,25
89,Cordaro,916,603,661,74
90,Hershel,979,957,403,27
91,Markita,844,522,807,34
92,Lonnie,156,433,845,40
93,Mickey,908,519,523,20
94,Ceasar,795,749,774,92
95,Cassandra,131,686,347,59
96,Gerald,752,713,680,9
97,Flora,304,186,305,65
98,Terrence,702,498,950,92
99,Cephus,520,172,823,80
100,Kwame,163,921,403,79
101,Anabelle,848,871,630,29
102,Oneta,77,399,313,52
103,Janene,244,602,226,37
104,Golda,384,96,842,54
105,Ozella,440,534,717,55
106,Farah,17,620,794,72
107,Sibbie,117,10,316,73
108,London,16,86,687,74
109,Demarco,372,68,228,31
110,Beatrix,335,867,176,18
111,Carl,539,510,610,89
112,Andre,486,528,901,96
113,Edmund,365,405,691,65
114,Demonte,779,298,756,7
115,Adaline,977,668,37,58
116,Talmadge,405,923,276,92
117,Venice,219,838,843,83
118,Lia,402,82,323,40
119,Pleasant,660,532,776,39
120,Delle,54,577,729,95
121,Orra,391,333,478,43
122,Thos,863,630,488,74
123,Veronica,338,346,890,53
124,Antonina,870,415,498,36
125,Mohamed,111,881,861,30
126,Kevan,633,184,695,41
127,Hazel,991,992,320,75
128,Rosario,592,215,897,32
129,Gary,546,454,501,6
130,Colt,492,404,211,47
131,Christi,239,949,601,66
132,Mearl,879,816,823,30
133,Janae,866,678,333,30
134,Slade,203,903,284,65
135,Wess,992,536,609,68
136,Jazmyn,24,716,252,92
137,Charolette,381,912,690,3
138,Fronnie,604,106,509,55
139,Amparo,970,497,913,74
140,Lillia,452,321,681,53
141,Ari,224,320,792,88
142,Melvyn,230,593,506,90
143,Jordyn,441,141,857,36
144,Tena,277,327,129,7
145,Terance,138,374,796,30
146,Laddie,393,52,407,51
147,Eartha,116,436,380,59
148,Reta,657,698,738,32
149,Barney,711,399,232,29
150,Izola,700,238,502,92
151,Elsie,995,135,648,63
152,Caron,378,193,752,37
153,Lavonia,943,615,459,54
154,Marlene,95,672,109,29
155,Jaclyn,15,776,169,57
156,Nayeli,711,971,861,64
157,Dixon,756,433,479,11
158,Christel,137,117,45,51
159,Leonidas,472,813,571,98
160,Seward,865,901,574,31
161,Vidal,914,762,601,72
162,Natalie,14,29,55,5
163,Taurus,574,207,804,40
164,Brandt,175,902,557,24
165,Catherine,183,603,551,43
166,Dee,183,526,327,67
167,Kellen,987,291,110,29
168,Aiden,362,162,708,43
169,Ivana,67,269,675,93
170,Early,468,360,775,11
171,Luella,310,709,472,24
172,Nicolle,699,639,175,34
173,Katerina,727,915,240,39
174,Furman,688,197,614,74
175,Davian,599,582,367,70
176,Rachelle,337,724,674,26
177,Marian,866,394,13,50
178,Gigi,291,278,713,45
179,Agustin,767,898,813,12
180,Barbara,929,626,124,43
181,Jerry,38,482,95,51
182,Curley,686,797,148,3
183,Janiah,193,535,131,94
184,Manda,403,439,980,55
185,Halie,92,335,167,60
186,Reginald,979,911,83,6
187,Camila,531,482,868,77
188,Georgia,378,354,304,96
189,Maximilian,310,759,804,99
190,Maebelle,705,917,214,1
191,Cora,634,366,89,2
192,Tal,192,18,619,68
193,Brett,666,164,451,28
194,Valentino,195,214,38,82
195,Germaine,381,305,44,17
196,Arno,974,617,581,43
197,Katharine,83,932,625,85
198,Bertram,600,446,602,62
199,Bridget,414,839,390,34
200,Nyla,72,342,358,84
201,Pinkney,391,203,676,51
202,Gregorio,913,537,821,87
203,Joella,656,391,693,30
204,Jermey,303,915,758,29
205,Ardelia,809,534,833,41
206,Gilberto,937,978,684,88
207,Eunice,726,909,558,5
208,Michell,517,152,936,31
209,Antoinette,292,157,1,2
210,Herschel,802,974,632,96
211,Georgiana,287,434,791,32
212,Monica,796,559,453,50
213,Christop,116,426,596,14
214,Dabney,111,455,934,82
215,Daryn,399,200,169,80
216,Chanelle,760,769,753,49
217,Vella,119,136,930,79
218,Ollie,330,963,680,75
219,Kristal,620,812,389,62
220,Mariana,498,330,724,79
221,Janeen,421,500,759,9
222,Casimir,296,524,316,75
223,Caleigh,579,969,333,93
224,Shad,562,260,467,78
225,Daunte,982,65,404,59
226,Shelly,845,285,770,89
227,Lucious,338,978,590,29
228,Clare,568,418,626,99
229,Haden,672,610,47,11
230,Eleanora,441,400,473,90
231,Ottilia,760,476,408,97
232,Whitney,438,557,812,8
233,Tawny,977,173,166,82
234,Ruie,222,497,782,44
235,Brayden,540,961,401,49
236,Elisabeth,759,292,652,2
237,Rogelio,630,745,884,43
238,Gaetano,425,769,317,80
239,Darla,721,36,597,19
240,Florencio,526,600,796,18
241,Socorro,635,535,365,77
242,Michael,919,259,576,29
243,Whitley,170,271,74,63
244,Jeri,352,821,322,59
245,Dalton,697,860,234,67
246,Edward,188,631,568,39
247,Arnold,688,565,892,48
248,Kanye,734,303,766,1
249,Darold,69,230,615,38
250,Sherryl,99,547,959,16
251,Caydence,159,958,973,25
252,Zula,384,212,427,84
253,Shelba,554,254,998,18
254,Ethelene,473,783,741,1
255,Ingrid,111,308,158,43
256,Thornton,253,706,732,66
257,Arman,87,368,71,63
258,Georgiann,298,91,142,52
259,Flavia,922,489,544,20
260,Marylin,726,638,216,49
261,Nellie,232,25,340,92
262,Werner,189,112,532,51
263,Taina,775,963,777,94
264,Alfonse,42,940,920,15
265,Matteo,851,646,257,46
266,Stetson,349,741,998,67
267,Vernetta,823,685,665,50
268,Wells,324,285,194,2
269,Diego,831,833,667,92
270,Azariah,190,165,577,60
271,Aleen,745,124,41,49
272,Jordi,314,750,122,4
273,Urban,56,698,837,93
274,Louvenia,106,22,34,48
275,Norris,678,722,172,73
276,Katharina,247,562,885,70
277,Dominique,259,123,597,28
278,Evelyn,693,122,540,74
279,Nelie,112,26,196,39
280,Makayla,756,671,425,63
281,Peyton,879,888,162,12
282,Austin,523,859,398,90
283,Willodean,546,45,998,16
284,Ines,952,239,248,84
285,Koby,826,579,896,13
286,Caiden,999,881,733,57
287,Makena,405,725,264,38
288,Irven,694,412,756,28
289,Theophile,209,725,899,42
290,Joeseph,593,787,875,12
291,Pallie,262,124,811,29
292,Terra,811,220,983,90
293,Anita,247,239,847,19
294,Alfreda,71,636,683,86
295,Freeda,286,368,984,46
296,Natalya,369,319,103,95
297,Council,138,712,256,70
298,Adrianna,525,182,223,26
299,Lott,179,523,202,59
300,Drew,946,96,318,33
301,Christian,569,813,143,89
302,Zackery,68,349,789,98
303,Sienna,65,784,100,47
304,Evaline,782,340,12,92
305,Letha,927,793,943,18
306,Rickie,110,548,144,57
307,Buffy,956,77,138,14
308,Abb,755,856,733,91
309,Vinnie,185,581,519,94
310,Donna,36,505,215,8
311,Margeret,940,799,103,14
312,Earlean,265,379,534,68
313,Myer,125,491,765,95
314,Patrica,513,742,218,6
315,Preston,14,223,345,14
316,Adolph,104,430,880,38
317,Franc,191,729,326,67
318,Sibyl,509,247,580,58
319,Luciano,652,994,771,98
320,Wenzel,934,599,848,16
321,Nehemiah,905,919,727,90
322,Adriel,89,291,847,35
323,Sarah,964,715,720,30
324,Joette,52,953,60,19
325,Mila,161,990,756,62
326,Cherie,776,955,490,5
327,Leif,634,879,388,23
328,Raleigh,971,80,739,11
329,Mason,217,659,653,72
330,Rand,396,604,866,31
331,Letty,548,410,102,92
332,Crysta,919,294,225,94
333,Tevin,890,346,676,6
334,Tucker,631,251,435,18
335,Casie,143,471,468,58
336,Demi,857,286,482,22
337,Harvey,873,939,296,23
338,Verle,164,236,435,86
339,Gladstone,152,271,124,52
340,Delos,87,853,644,43
341,Michaela,467,614,942,37
342,Devyn,404,683,788,3
343,Jerilyn,877,434,552,40
344,Orilla,804,489,242,6
345,Perley,620,402,931,20
346,Gilmer,474,453,223,37
347,Loran,59,163,632,65
348,Lailah,205,308,23,86
349,Diya,338,306,963,36
350,Deidre,928,815,97,18
351,Rudy,970,39,948,92
352,Durrell,683,409,319,75
353,Ellie,242,525,294,19
354,Kitty,230,569,150,31
355,Keanna,562,413,195,86
356,Narcissus,216,296,743,78
357,Krystina,144,152,238,62
358,Gianni,552,283,43,72
359,Latisha,789,94,159,18
360,Ramsey,376,381,906,7
361,Sarita,456,19,257,79
362,Marvin,443,587,130,73
363,Max,115,599,953,5
364,Ronda,730,373,814,66
365,Pansy,108,939,461,13
366,Lucero,913,787,26,32
367,Nevin,639,104,755,29
368,Martina,299,914,960,79
369,Telly,555,326,949,36
370,Alwine,781,924,662,60
371,Alesha,49,310,779,77
372,Urijah,435,348,716,55
373,Earnest,866,675,326,93
374,Sergio,331,821,402,29
375,Lydia,377,884,891,86
376,Rosalinda,112,428,270,70
377,Margot,121,353,930,77
378,Gabe,242,630,513,28
379,Cain,303,463,169,69
380,Pennie,787,607,555,47
381,Armando,558,334,284,87
382,Corinne,763,805,406,40
383,Adams,37,905,960,52
384,Ottie,614,625,5,40
385,Patsy,177,901,14,30
386,Lizzie,806,153,5,64
387,Holly,64,989,819,3
388,Clarisa,714,210,143,6
389,Cayla,840,327,120,30
390,Mazie,396,862,901,94
391,Mame,792,575,802,87
392,Clide,901,210,990,88
393,Adelbert,194,281,770,72
394,Trina,367,56,469,89
395,Dock,987,751,257,88
396,Darrien,15,729,117,52
397,Ebony,469,106,197,99
398,Hughes,577,964,325,70
399,Bethann,265,590,757,47
400,Hunter,429,953,323,27
401,Darci,701,777,361,58
402,Darby,970,599,488,57
403,Sharla,552,424,31,2
404,Marita,946,286,497,90
405,Jonnie,411,447,492,42
406,Ishmael,870,219,10,14
407,Ronna,660,742,92,67
408,Margurite,456,45,657,75
409,Rosaline,598,799,720,14
410,Tressie,939,906,438,51
411,Damaris,37,82,277,87
412,Tariq,98,564,861,51
413,Toney,960,134,836,83
414,Julisa,627,562,126,71
415,Rashawn,870,369,768,92
416,Ezra,640,745,621,46
417,Annalise,522,475,242,10
418,Gunda,792,303,497,41
419,Virgil,764,871,253,68
420,Brianda,600,17,288,11
421,Cindy,537,784,798,83
422,Alto,19,527,617,12
423,Susanne,124,297,646,90
424,Imogene,187,249,604,73
425,Maud,93,167,676,48
426,Leola,121,448,6,83
427,Ennis,892,946,497,23
428,Codi,628,600,262,20
429,Winnifred,56,659,603,41
430,Everett,875,214,151,13
431,Rillie,22,622,78,99
432,Miguelangel,230,133,712,25
433,Elianna,887,907,942,91
434,Crista,16,567,653,63
435,Gust,928,752,578,7
436,Tanesha,743,98,40,57
437,Shaniya,568,112,750,69
438,Tyler,712,670,962,40
439,Xiomara,635,310,892,6
440,Marshal,523,947,479,77
441,Brigid,131,581,622,97
442,Ilah,132,669,161,6
443,Percy,22,726,927,16
444,Sawyer,199,227,25,84
445,Donato,758,814,117,58
446,Rodger,849,193,93,32
447,Kelvin,426,859,742,61
448,Levina,723,820,381,2
449,Yair,626,711,376,5
450,Candida,977,922,8,15
451,Dickie,99,371,545,74
452,Keeley,566,904,282,88
453,Tuan,435,10,386,64
454,Lydell,491,380,886,98
455,Bilal,498,575,444,28
456,Manervia,397,137,200,73
457,Rishi,450,307,512,1
458,Gina,156,532,887,1
459,Tatianna,185,307,661,12
460,Elvin,925,498,472,96
461,Del,642,452,929,1
462,Corine,353,220,294,30
463,Angus,79,648,97,24
464,Colter,314,39,177,94
465,Laci,977,240,523,38
466,Son,918,207,269,34
467,Alexandria,896,631,13,36
468,Cannie,868,853,651,26
469,Grayson,262,341,152,34
470,Dejuan,65,624,986,92
471,Donal,116,856,996,85
472,Iza,746,323,891,85
473,Lynn,639,400,214,35
474,Heber,68,512,232,38
475,Kori,757,944,274,58
476,Tinnie,319,532,130,56
477,Monnie,364,70,6,79
478,Kendal,840,579,805,49
479,Dempsey,610,216,630,29
480,Hazle,765,151,741,89
481,Erna,526,308,986,93
482,Cheryll,744,639,986,68
483,Clearence,514,965,281,6
484,Loney,599,419,756,81
485,Jaeden,154,968,590,59
486,Eldon,667,116,51,80
487,Josiephine,255,308,641,71
488,Jessi,839,698,373,7
489,Heidy,298,62,315,67
490,Carri,93,527,70,52
491,Banks,909,395,107,99
492,Maribeth,237,457,997,95
493,Griselda,345,625,945,21
494,Lyla,304,173,359,18
495,Jaeda,718,647,923,57
496,Lilian,782,622,180,56
497,Angeline,74,821,907,37
498,Lovie,895,529,359,10
499,Lauretta,11,83,853,51
500,Lorie,276,572,176,75
501,Raquel,297,37,502,79
502,Ossie,629,282,656,82
503,Emelia,817,939,946,46
504,Ethel,709,725,606,50
505,Dellar,127,492,645,58
506,Minervia,292,581,907,52
507,Marlyn,447,154,948,64
508,Rachel,838,61,196,54
509,Christ,509,103,435,83
510,Alfonso,219,132,171,68
511,Liddie,347,893,347,7
512,Randy,376,403,659,87
513,Hermina,628,186,320,4
514,Kyson,147,487,600,17
515,Gerard,317,658,997,12
516,Norwood,549,422,134,91
517,Lina,545,282,219,74
518,Darren,272,138,514,72
519,Vicky,993,540,391,8
520,Harriet,816,297,157,74
521,Maynard,663,945,478,80
522,Bruce,294,187,777,22
523,Rahsaan,726,447,395,59
524,Fleta,250,993,301,33
525,Britni,17,940,645,48
526,Yasmeen,581,696,311,57
527,Rufus,144,661,583,97
528,Emmett,361,911,587,93
529,Dequan,894,691,230,46
530,Sabastian,657,302,39,94
531,Vlasta,216,627,674,14
532,Syble,637,848,298,16
533,Bedford,220,686,364,5
534,Herminia,910,841,346,41
535,Azzie,409,894,480,12
536,Toriano,430,408,90,29
537,Tyree,260,587,719,36
538,Butch,169,233,879,24
539,Mikalah,546,432,344,15
540,Amelie,972,652,126,82
541,Yvette,93,783,30,22
542,Valorie,815,531,347,69
543,Rayne,732,886,22,46
544,Riya,894,864,775,33
545,Litzy,963,889,286,14
546,Gretchen,767,630,288,76
547,Belia,862,580,425,1
548,Edd,286,767,308,53
549,Markel,726,746,23,77
550,Tolbert,503,755,168,80
551,Scottie,888,813,557,97
552,Derl,664,669,59,8
553,Thea,178,135,701,74
554,Averie,765,398,440,99
555,Paula,746,843,832,72
556,Andrae,807,541,359,44
557,Vollie,490,734,656,95
558,Dwayne,138,461,879,51
559,Sophronia,385,472,790,70
560,Larkin,569,890,250,97
561,Egbert,228,680,577,71
562,Joseline,340,171,601,58
563,Ebert,691,167,633,75
564,Ayesha,734,751,266,95
565,Genesis,569,82,941,82
566,Easton,407,601,724,10
567,Hessie,537,399,943,71
568,Eugenie,34,565,496,25
569,Santiago,904,973,860,67
570,Clark,149,251,507,72
571,Brodie,296,575,110,94
572,Morris,958,483,920,10
573,Laisha,951,337,779,79
574,Desirae,172,393,211,45
575,Louella,661,967,171,90
576,Cadence,454,291,127,72
577,Dylon,768,497,803,40
578,Dedra,144,778,857,7
579,Clem,630,444,687,56
580,Britta,901,596,621,42
581,Ellyn,954,611,21,29
582,Jered,379,851,306,44
583,Starling,770,17,573,16
584,Simon,742,117,560,59
585,Arlyn,545,982,718,68
586,Maybelle,501,921,44,39
587,Delfina,959,320,634,67
588,Camilo,712,889,907,58
589,Sarrah,165,644,718,19
590,Jane,727,311,112,80
591,Trumaine,827,618,822,17
592,Jayde,938,840,492,48
593,Katelyn,150,25,831,73
594,Dante,949,120,906,24
595,Kimball,944,178,686,6
596,Sharyn,637,250,628,62
597,Cailyn,254,703,18,85
598,Rona,302,288,552,52
599,Cali,897,877,434,79
600,Octavie,424,971,683,93
601,Dixie,649,996,291,34
602,Helmer,228,441,824,78
603,Sidney,738,653,502,73
604,Hortencia,988,942,892,66
605,Hale,434,43,19,59
606,Edwardo,736,431,371,13
607,Devan,786,743,52,76
608,Keenan,560,649,180,93
609,Austyn,473,234,800,16
610,Dayle,495,632,530,45
611,Ervin,816,324,748,7
612,Billy,850,19,34,28
613,Chalmers,116,141,772,70
614,Santana,459,182,703,44
615,Burleigh,478,139,703,73
616,Torrie,851,764,614,40
617,Trever,220,168,771,95
618,Dafne,328,438,257,8
619,Stephenie,546,705,135,56
620,Margarett,749,873,588,22
621,Wilson,363,447,320,6
622,Jair,449,34,20,95
623,Diann,643,982,142,81
624,Jolene,378,796,925,9
625,Elvis,39,135,617,69
626,Oralia,824,903,348,64
627,Harold,215,282,69,54
628,Ninnie,339,191,932,99
629,Severt,285,24,863,87
630,Tavon,227,1000,684,38
631,Gee,669,195,524,5
632,Wally,64,309,873,35
633,Elmo,216,948,958,19
634,Kaelyn,450,668,964,14
635,Caylee,659,514,942,56
636,Shamar,734,688,710,97
637,Seaborn,542,970,773,82
638,Lynda,549,914,192,2
639,Alexandre,145,315,516,5
640,Shanequa,445,110,486,20
641,Violeta,470,306,704,52
642,Mara,786,283,210,69
643,Ballard,357,387,268,63
644,Brigitte,428,563,351,18
645,Latrell,621,914,317,79
646,Emma,896,661,223,21
647,Ian,457,330,201,95
648,Jaylin,286,724,955,59
649,Jerome,649,761,760,5
650,Orvin,623,948,781,85
651,Liller,163,67,423,15
652,Mimi,54,956,818,49
653,Carlee,944,741,479,80
654,Gibson,797,890,459,4
655,Howard,850,172,757,96
656,Ella,916,353,155,93
657,Felicity,501,629,245,82
658,Aloma,74,593,770,41
659,Leonel,694,509,945,63
660,Charly,106,384,758,29
661,Ladonna,887,472,676,9
662,Lucio,908,812,955,42
663,Carolyn,843,919,579,99
664,Kia,575,935,882,47
665,Odus,616,304,970,34
666,Carie,784,864,148,96
667,Dewitt,821,887,830,67
668,Nikia,427,462,271,77
669,Rose,837,923,264,37
670,Lanie,828,153,296,66
671,Miranda,461,562,948,83
672,Laureen,858,202,67,18
673,Calhoun,98,963,591,21
674,Al,233,362,423,97
675,Beula,209,16,53,59
676,Glendon,791,588,931,46
677,Clarabelle,628,844,635,14
678,Alla,787,354,517,66
679,Orlando,369,684,318,16
680,Haylie,214,883,15,52
681,Jeana,653,756,764,91
682,Skyler,18,107,552,91
683,Jefferey,494,807,495,27
684,Elige,212,168,763,28
685,Raegan,137,931,720,37
686,Jasmin,166,92,481,37
687,Alpha,938,261,723,21
688,Vashti,842,318,305,48
689,Eloy,840,190,496,58
690,Gaynell,25,981,281,18
691,Florie,963,890,698,33
692,Tatsuo,819,859,240,90
693,Allan,124,832,509,68
694,Paige,244,368,739,26
695,Mozelle,386,574,466,35
696,Deven,115,987,556,70
697,Nathanial,431,969,974,61
698,Fannie,811,719,813,59
699,Margie,289,175,339,84
700,Loree,659,500,501,66
701,Clinton,503,755,682,7
702,Linette,379,332,437,86
703,Ala,569,920,644,73
704,Chestina,213,614,887,62
705,Dot,145,659,824,22
706,Reed,553,199,461,34
707,Adelyn,33,170,984,82
708,Kerrie,392,455,966,76
709,Rosalia,109,816,703,43
710,Armstead,355,892,900,70
711,Derick,763,494,551,97
712,Elois,209,42,939,2
713,Raiden,863,124,715,80
714,Mikaela,164,353,762,20
715,Jaret,313,231,212,24
716,Tennie,25,116,147,42
717,Grady,570,106,713,54
718,Lavera,30,313,574,67
719,Gustavo,442,678,931,14
720,Frida,811,818,568,29
721,Essex,621,1000,274,93
722,Ryder,693,810,910,54
723,Garret,502,889,587,16
724,Asha,169,108,823,74
725,Lesta,448,67,945,4
726,Marjory,471,866,42,36
727,Raina,637,60,803,1
728,Twila,510,216,719,3
729,Shasta,464,205,691,90
730,Wylie,185,871,77,88
731,Rashad,909,160,653,82
732,Ramona,271,297,382,28
733,Dove,19,478,688,90
734,Natalia,891,266,874,59
735,Nilda,722,910,274,14
736,Lindbergh,444,183,641,5
737,Woodroe,421,598,956,99
738,Taniyah,911,889,238,8
739,Reno,59,446,902,57
740,Porsche,960,51,333,60
741,Mira,624,330,586,53
742,Jeanetta,429,145,566,50
743,Jamarcus,382,219,372,84
744,Mabell,808,547,21,86
745,Lennon,762,97,408,14
746,Christophe,881,578,755,99
747,Delmas,609,211,630,48
748,Gilbert,598,125,450,8
749,Judi,620,885,769,56
750,Kelan,294,510,659,37
751,Arland,950,592,39,46
752,Mya,276,251,210,22
753,Archer,286,425,286,65
754,Kayleen,841,484,251,62
755,Ryland,336,269,978,49
756,Cleva,931,490,181,29
757,Arthur,750,573,655,74
758,Samie,978,298,351,45
759,Davin,684,787,324,49
760,Tiney,896,248,527,92
761,Sharonda,553,294,664,30
762,Dennie,897,886,594,30
763,Loreen,194,169,305,22
764,Hezekiah,249,267,991,5
765,Janine,323,829,425,30
766,Leanne,600,865,259,21
767,Almira,591,716,198,85
768,Darrel,910,256,326,33
769,Kaitlin,232,754,310,96
770,Kay,918,710,93,99
771,Shyann,941,231,940,52
772,Abe,536,729,976,77
773,Millicent,84,462,374,99
774,Ramon,133,54,771,29
775,Macie,656,179,126,82
776,Huston,731,734,282,14
777,Yasmin,922,535,398,87
778,Winford,766,199,353,33
779,Kenan,26,213,55,94
780,Lolla,728,555,968,64
781,Jovany,206,819,297,7
782,Alek,689,165,728,82
783,Clyde,159,675,814,20
784,Vira,490,86,868,2
785,Coley,55,452,800,59
786,Nichelle,40,99,794,68
787,Michal,895,446,740,39
788,Estefani,245,24,97,70
789,Stephani,306,217,59,18
790,Leala,611,819,612,33
791,Izetta,882,865,757,84
792,Harrison,836,656,661,11
793,Bradyn,842,1000,588,12
794,Arabella,557,280,259,36
795,Milton,535,476,980,14
796,Stevan,332,805,851,67
797,Newton,121,45,341,18
798,Francies,380,320,939,96
799,Dominick,178,90,651,97
800,Bulah,749,792,674,72
801,Chante,911,959,387,70
802,Brandi,334,956,542,84
803,Leandro,944,972,204,7
804,Ethelyn,745,356,821,96
805,Estes,328,565,818,92
806,Carlyle,506,812,857,28
807,Phillis,215,265,684,10
808,Wilton,213,919,603,71
809,Dolores,902,655,811,31
810,Rayfield,925,554,58,98
811,Verne,657,10,530,91
812,Elian,199,344,390,71
813,Donte,27,274,95,97
814,Chace,53,137,54,7
815,Allyn,975,482,253,96
816,Anderson,747,69,4,95
817,Davy,980,225,405,55
818,Lafe,91,808,19,70
819,Tripp,999,998,35,18
820,Wilhelmina,604,241,949,32
821,Jerrel,707,276,878,48
822,Gaylon,53,448,292,74
823,Cathi,134,786,218,60
824,Gene,606,18,272,67
825,Almina,487,557,976,80
826,Mathias,650,397,157,17
827,Clytie,815,792,18,9
828,Jessie,821,831,535,65
829,Dorr,353,353,629,50
830,Lyndon,658,903,954,91
831,Aida,46,800,799,97
832,Carlton,399,62,158,19
833,Dean,820,367,825,16
834,Kaden,628,931,458,88
835,Tillie,840,183,535,74
836,Keenen,724,263,421,86
837,Porfirio,672,199,152,97
838,Selena,974,360,936,4
839,Rian,701,669,336,17
840,Alyson,609,809,275,80
841,Myah,545,406,185,8
842,Ardyce,717,872,567,49
843,Abigail,894,154,365,81
844,Dorcas,944,712,856,15
845,Amiah,758,308,623,37
846,Cherrie,381,885,63,17
847,Oral,757,973,955,90
848,Ras,665,545,989,20
849,Giovani,177,724,323,32
850,Horacio,522,793,596,33
851,Almyra,354,862,946,87
852,Porter,307,792,598,9
853,Ember,364,69,685,13
854,Conway,348,640,857,3
855,Deryl,457,933,811,74
856,Dorotha,71,225,888,38
857,Alden,662,511,823,95
858,Javon,368,384,725,53
859,Shanda,800,591,890,27
860,Harlen,891,715,577,88
861,Erick,834,392,705,70
862,Shelton,95,437,188,65
863,Cassie,909,629,365,84
864,Loula,306,979,91,4
865,Angel,198,876,64,12
866,Garner,396,661,799,60
867,Agness,996,374,305,60
868,Darlene,918,823,635,50
869,Crawford,682,623,997,93
870,Millard,450,747,454,74
871,Casandra,100,395,172,58
872,Renard,228,269,466,91
873,Rafaela,852,635,298,5
874,Ivor,705,763,374,9
875,Andon,633,215,583,81
876,River,466,238,982,50
877,Vinton,499,600,247,19
878,Bridger,803,828,754,46
879,Molly,463,41,41,14
880,Denese,343,884,74,65
881,Manuela,780,443,229,75
882,Thalia,451,826,431,25
883,Nakita,268,371,349,48
884,Elfie,961,685,858,84
885,Annabella,418,282,437,46
886,Serina,555,101,745,21
887,Justice,812,571,224,93
888,Harriette,675,332,65,64
889,Storm,204,608,518,80
890,Malakai,29,581,505,59
891,Makai,152,208,580,7
892,Jairo,230,836,680,74
893,Baxter,492,138,835,15
894,Verna,563,967,496,68
895,Shavonne,901,460,50,91
896,Hyrum,378,711,359,25
897,Luvinia,522,919,926,79
898,Khalid,212,374,633,48
899,Colie,231,322,90,14
900,Marolyn,660,927,318,4
901,Deonte,989,887,934,42
902,Erla,578,882,769,68
903,Beyonce,780,659,199,95
904,Raelynn,937,680,78,70
905,Gena,266,521,128,90
906,Abril,881,52,125,58
907,Lawrence,212,934,997,24
908,Braelyn,590,483,217,30
909,Iona,294,936,947,96
910,Cher,117,411,522,11
911,Hurley,761,485,705,63
912,Marcie,323,234,132,5
913,Jace,35,278,265,30
914,Erica,252,744,946,88
915,Trista,954,43,311,43
916,Ivonne,640,130,183,91
917,Jazlyn,942,430,496,11
918,Heriberto,716,34,912,46
919,Jo,219,695,977,93
920,Wilma,227,392,419,20
921,Johnie,489,198,988,39
922,Mikhail,85,916,691,74
923,Holden,109,685,622,16
924,Harmony,141,620,50,38
925,Liane,341,645,925,93
926,Christy,593,619,133,36
927,Yolonda,844,114,872,34
928,Linwood,447,75,275,26
929,Kimberly,115,129,20,54
930,Davon,980,624,418,48
931,Sheena,529,381,276,77
932,Kaylan,803,80,787,95
933,Cleora,308,840,898,60
934,Glennis,728,333,392,95
935,Jaheem,410,105,981,91
936,Kelley,191,61,955,86
937,Courtland,836,395,134,89
938,Gustaf,850,828,216,64
939,Gaither,70,539,508,96
940,Reino,500,782,96,31
941,Severo,282,184,620,70
942,Nana,459,652,625,40
943,Trevion,448,651,820,21
944,Kalel,991,728,578,12
945,Felton,851,95,858,97
946,Keandre,327,468,177,12
947,Abbigail,730,839,19,31
948,Erlinda,58,154,22,18
949,Santos,90,710,853,99
950,Shelva,484,728,490,40
951,Brock,892,700,902,9
952,Reba,159,760,850,15
953,Wilbur,469,905,696,57
954,Texas,441,345,567,36
955,Willie,809,744,411,48
956,German,863,851,461,70
957,Laurel,581,366,288,71
958,Bryana,308,223,308,9
959,Ellar,121,497,193,29
960,Jenna,293,314,836,32
961,Rich,397,316,954,95
962,Karin,366,81,269,80
963,Taja,299,668,645,99
964,Ruth,829,255,71,46
965,Caryn,23,567,526,57
966,Krystal,908,109,404,49
967,Mitchell,500,553,392,83
968,Eben,649,303,323,38
969,Jaylyn,218,711,390,27
970,America,701,801,461,42
971,Lily,845,93,478,90
972,Maddux,729,634,14,69
973,Jemal,744,517,350,53
974,Maximiliano,546,516,806,27
975,Doctor,86,216,411,41
976,Mitch,728,519,406,87
977,Nataly,794,742,303,59
978,Gustavus,573,638,343,76
979,Tory,12,691,25,5
980,Stafford,982,532,74,45
981,Aurore,593,240,942,62
982,Marnie,160,19,308,65
983,Judy,637,527,633,44
984,Ieshia,486,776,786,29
985,Ottis,295,552,740,29
986,Alvy,545,54,731,22
987,Job,162,578,717,3
988,Yadira,331,78,551,71
989,Alena,383,82,238,68
990,Althea,503,419,768,69
991,Moriah,326,35,661,84
992,Tiana,302,689,224,32
993,Dolph,565,864,397,26
994,Ryker,500,329,504,11
995,Lute,338,801,605,80
996,Gannon,489,785,86,15
997,Lester,437,745,776,22
998,Robbin,361,776,807,47
999,Buford,764,100,110,74
